Id,"Dublin Core:Title","Dublin Core:Creator","Dublin Core:Subject","Dublin Core:Description","Dublin Core:Source","Dublin Core:Publisher","Dublin Core:Date","Dublin Core:Coverage","Dublin Core:Relation","Dublin Core:Format","Dublin Core:Language","Dublin Core:Type","Dublin Core:Identifier","Dublin Core:Contributor","Dublin Core:Rights","Item Type Metadata:Pagination PDF","Item Type Metadata:Foliotation","Item Type Metadata:Numéro de la pièce","Item Type Metadata:Titre de section","Item Type Metadata:Titre de la pièce","Item Type Metadata:Illustration","Item Type Metadata:Texte","Item Type Metadata:Incipit non modernisé","Item Type Metadata:Auteur de la pièce","Item Type Metadata:Forme poétique","Item Type Metadata:Date de la première publication","Item Type Metadata:Incipit modernisé","Item Type Metadata:Incipit neutralisé","Item Type Metadata:Remarques","Item Type Metadata:Titre de supersection","Item Type Metadata:Titre de fin de section","Item Type Metadata:Nombre de sous-pièces","Item Type Metadata:Titre de la première sous-pièce, si différent du titre de la pièce","Item Type Metadata:Titre de la deuxième sous-pièce","Item Type Metadata:Incipit non modernisé de la deuxième sous-pièce","Item Type Metadata:Incipit modernisé de la deuxième sous-pièce","Item Type Metadata:Titre de la troisième sous-pièce","Item Type Metadata:Incipit non modernisé de la troisième sous-pièce","Item Type Metadata:Incipit modernisé de la troisième sous-pièce","Item Type Metadata:Annotations manuscrites","Item Type Metadata:Titre de la quatrième sous-pièce","Item Type Metadata:Incipit non modernisé de la quatrième sous-pièce","Item Type Metadata:Incipit modernisé de la quatrième sous-pièce","Item Type Metadata:Titre de fin de pièce","Item Type Metadata:Titre de la cinquième sous-pièce","Item Type Metadata:Incipit non modernisé de la cinquième sous-pièce","Item Type Metadata:Titre de la sixième sous-pièce","Item Type Metadata:Incipit non modernisé de la sixième sous-pièce","Item Type Metadata:Incipit modernisé de la sixième sous-pièce","Item Type Metadata:Titre de la septième sous-pièce","Item Type Metadata:Incipit non modernisé de la septième sous-pièce","Item Type Metadata:Incipit modernisé de la septième sous-pièce","Item Type Metadata:Titre de la huitième sous-pièce","Item Type Metadata:Incipit non modernisé de la huitième sous-pièce","Item Type Metadata:Incipit modernisé de la huitième sous-pièce","Item Type Metadata:Titre de la neuvième sous-pièce","Item Type Metadata:Incipit non modernisé de la neuvième sous-pièce","Item Type Metadata:Incipit modernisé de la neuvième sous-pièce","Item Type Metadata:Incipit modernisé de la cinquième sous-pièce","Item Type Metadata:Transcription diplomatique du titre","Item Type Metadata:Nom de l'imprimeur-libraire","Item Type Metadata:Colophon","Item Type Metadata:Lieu de publication","Item Type Metadata:Type de document au sein du corpus","Item Type Metadata:Type de numérisation","Item Type Metadata:Source de la numérisation","Item Type Metadata:Titre long","Item Type Metadata:Imprimeur-libraire","Item Type Metadata:Lien vers la notice du catalogue de la bibliothèque où est conservé l'exemplaire","Item Type Metadata:Id Omeka","Item Type Metadata:Auteur mentionné dans la bibliographie de F. Lachèvre","Item Type Metadata:Présentation matérielle de l'édition","Item Type Metadata:Paratextes","Item Type Metadata:Exemplaire analysé","Item Type Metadata:Autres exemplaires","Item Type Metadata:Date de la dernière publication identifiée","Item Type Metadata:Histoire éditoriale","Item Type Metadata:Éditions répertoriées","Item Type Metadata:Édition(s) critique(s)","Item Type Metadata:Réimpression(s) / fac-similé(s)","Item Type Metadata:Sélection bibliographique","Item Type Metadata:Informations répertoriées sur l'édition","Item Type Metadata:Remarques en interne","Item Type Metadata:Collection parente","Item Type Metadata:Mention d'un privilège","Item Type Metadata:Référence(s) à consulter","Item Type Metadata:Présentation générale de l'édition","Item Type Metadata:Présentation générale de l'oeuvre","Item Type Metadata:Titre usuel","Item Type Metadata:Adresse de l'imprimeur-libraire","Item Type Metadata:Précision sur la datation","Item Type Metadata:Autre mention sur la page de titre","Item Type Metadata:Explicit","Item Type Metadata:Marque typographique","Item Type Metadata:Auteur(s) identifié(s) dans le recueil","Item Type Metadata:Structuration du recueil","Item Type Metadata:Date de création de la notice","Item Type Metadata:Dernière mise à jour de la notice","Item Type Metadata:Description et analyse du dossier génétique","Item Type Metadata:Enjeux","Item Type Metadata:Mode(s) de consultation","Item Type Metadata:Navigation générale","Item Type Metadata:Destinataire (historique ou fictif) indiqué dans le titre du poème","Item Type Metadata:Première attestation imprimée du poème","Item Type Metadata:Attestation manuscrite du poème","Item Type Metadata:Source(s) antique(s) identifiée(s)","Item Type Metadata:Source(s) étrangère(s) identifiées","Item Type Metadata:Intertexte","Item Type Metadata:Topoï littéraires convoqués","Item Type Metadata:Commentaire littéraire","Item Type Metadata:Lien avec d'autres poèmes du corpus du Trésor des joyeuses inventions","Item Type Metadata:Extrait d'un poème plus long","Item Type Metadata:Publications ultérieures du poème","Item Type Metadata:Publication numérique du poème","Item Type Metadata:Insertion dans une séquence","Item Type Metadata:Sources musicales identifiées","Item Type Metadata:Analyse des variantes éditoriales","Item Type Metadata:Analyse des variantes sémantiques","Item Type Metadata:Références ayant servi de source à l'annotation critique du poème","Item Type Metadata:Facsimilé de l'édition","Item Type Metadata:Forme métrique","Item Type Metadata:Source(s) néo-latine(s) identifiée(s)","Item Type Metadata:Remerciements","Item Type Metadata:Statut","Item Type Metadata:Titre(s) connu(s)","Item Type Metadata:Refrain","Item Type Metadata:Schéma de rimes","Item Type Metadata:Sur l'air de","Item Type Metadata:Rentrement","Item Type Metadata:Incipit de la pièce latine adventice","Item Type Metadata:BnfMashup","Item Type Metadata:Ecouter","Item Type Metadata:Analyse des leçons des autres recueils collectifs","Item Type Metadata:Autres leçons","Item Type Metadata:Pagination de l'édition","Item Type Metadata:Complément sur le champ Auteur de la pièce","Item Type Metadata:Droits sur les images",tags,file,itemType,collection,public,featured
13777,"Exemplaire : 1551 - Boutehors - Gort - Bayerische Staatsbibliothek P o Gall 296","Recueil collectif",,,"München (De), Bayerische Staatsbibliothek, P. o. Gall. 296","équipe Joyeuses inventions ; EMAN (Thalim, CNRS-ENS-Sorbonne nouvelle)",1551,Rouen,"Corpus secondaire",in-16,Français,"Poésie (Recueil)",,"Speyer, Miriam","Fiche : équipe Joyeuses inventions ; EMAN (Thalim, CNRS-ENS-Sorbonne nouvelle). Licence Creative Commons Attribution – Partage à l’Identique 3.0 (CC BY-SA 3.0 FR)",,,,,,,,,,,,,,,,,,,,,,,,,,,,,,,,,,,,,,,,,,,,,,,,,Exemplaire,"Numérisation totale","München (De), Bayerische Staatsbibliothek, disponible sur <a href=""http://mdz-nbn-resolving.de/urn:nbn:de:bvb:12-bsb10189245-4"" target=""_blank"" rel=""noopener noreferrer"">BSB digital</a> ""&gt;BSB digital","LE BOVTEHORS D'OYSI- || ueté contenant aulcuns ioyeux propos || &amp; facetieuses Hystoires recueil- || lies par passetemps &amp; mys || en Rithme Françoyse.","Dugort, Jean||Dugort, Robert","München (De), BSB, <a href=""https://opacplus.bsb-muenchen.de/search?oclcno=642972214&amp;db=100&amp;View=default"" target=""_blank"" rel=""noopener noreferrer"">P. o. Gall. 296</a>",,,,,,,,,,,,,,,"Voir la <a href=""https://eman-archives.org/joyeuses-inventions/collections/show/23"" target=""_blank"" rel=""noopener noreferrer"">notice détaillée de l'édition</a>.",,,,,,,,,,,,,,22/03/21,,,,,,,,,,,,,,,,,,,,,,,,,,,,,,,,,,,,,,,,,https://eman-archives.org/joyeuses-inventions/files/original/3fce3f123a912ff80dd6694ca5a1e86f.pdf,JI_Exemplaire,"Édition : 1551 - Boutehors d’oisiveté - Gort",1,0
7137,"[1551_Boutehors_Gort] II Au lieu de Cartes et de dez",,,,"München (De), BSB, P.o.gall. 296","équipe Joyeuses inventions ; EMAN (Thalim, CNRS-ENS-Sorbonne nouvelle)",1551,Rouen,,in-16,Français,Poème,,"Speyer, Miriam","Fiche : équipe Joyeuses inventions ; EMAN (Thalim, CNRS-ENS-Sorbonne nouvelle). Licence Creative Commons Attribution – Partage à l’Identique 3.0 (CC BY-SA 3.0 FR)",[1551_Boutehors_Gort]_Page_063,D8r,"n° II",,"Virlet aux Lecteurs.","Pas d'illustration",,"Au lieu de Cartes &amp; de dez",,,,"Au lieu de cartes et de dés","Au lieu de cartes et de dés",,,,1,,,,,,,,,,,,,,,,,,,,,,,,,,,,,,,,,"Numérisation totale",,,"Du Gort, Robert",https://opacplus.bsb-muenchen.de/search?oclcno=645520575&db=100&View=default,,,,,,,,,,,,,,,,,,,,,,,,,,,,,,,,,,,,,,,,,,,,,,,,,,,,,,,,,,,,,,,,,,,,,,https://eman-archives.org/joyeuses-inventions/files/original/e8c2e2e9b50a59e6864467005c33355c.jpg,JI_Poemes,"Édition : 1551 - Boutehors d’oisiveté - Gort",0,0
7136,"[1551_Boutehors_Gort] 033 Je suis abuz qui tiens soubz mon enseigne",,,,"München (De), BSB, P.o.gall. 296","équipe Joyeuses inventions ; EMAN (Thalim, CNRS-ENS-Sorbonne nouvelle)",1551,Rouen,,in-16,Français,Poème,,"Speyer, Miriam","Fiche : équipe Joyeuses inventions ; EMAN (Thalim, CNRS-ENS-Sorbonne nouvelle). Licence Creative Commons Attribution – Partage à l’Identique 3.0 (CC BY-SA 3.0 FR)","[1551_Boutehors_Gort]_Page_059,[1551_Boutehors_Gort]_Page_060,[1551_Boutehors_Gort]_Page_061,[1551_Boutehors_Gort]_Page_062","D6r, D6v, D7r, D7v","n° 033",,"Monologue auquel abuz d’amours parle.",Illustration,,"Je suis abuz qui tiens soubz mon enseigne",,,,"Je suis abus qui tiens sous mon enseigne","Je suis abus qui tiens sous mon enseigne","mention FIN",,,1,,,,,,,,,,,,FIN.,,,,,,,,,,,,,,,,,,,,,"Numérisation totale",,,"Du Gort, Robert",https://opacplus.bsb-muenchen.de/search?oclcno=645520575&db=100&View=default,,,,,,,,,,,,,,,,,,,,,,,,,,,,,,,,,,,,,,,,,,,,,,,,,,,,,,,,,,,,,,,,,,,,,,"https://eman-archives.org/joyeuses-inventions/files/original/c636ec37cc7ac8c4ea4835056b90010a.jpg,https://eman-archives.org/joyeuses-inventions/files/original/d1de7865be75c335beaf4863baa39c18.jpg,https://eman-archives.org/joyeuses-inventions/files/original/8d841a34b1849d3e0899e717ab53c55b.jpg,https://eman-archives.org/joyeuses-inventions/files/original/d24bccfbbea24acae33f014d05ad6861.jpg",JI_Poemes,"Édition : 1551 - Boutehors d’oisiveté - Gort",0,0
7135,"[1551_Boutehors_Gort] 032 Certain quidam print jadis une femme",,,,"München (De), BSB, P.o.gall. 296","équipe Joyeuses inventions ; EMAN (Thalim, CNRS-ENS-Sorbonne nouvelle)",1551,Rouen,,in-16,Français,Poème,,"Speyer, Miriam","Fiche : équipe Joyeuses inventions ; EMAN (Thalim, CNRS-ENS-Sorbonne nouvelle). Licence Creative Commons Attribution – Partage à l’Identique 3.0 (CC BY-SA 3.0 FR)","[1551_Boutehors_Gort]_Page_057,[1551_Boutehors_Gort]_Page_058","D5r, D5v","n° 032",,"D’un homme &amp; de sa femme.",Illustration,,"Certain quidam print jadis une femme",,,,"Certain quidam prit jadis une femme","Certain quidam prit jadis une femme",,,,1,,,,,,,,,,,,,,,,,,,,,,,,,,,,,,,,,"Numérisation totale",,,"Du Gort, Robert",https://opacplus.bsb-muenchen.de/search?oclcno=645520575&db=100&View=default,,,,,,,,,,,,,,,,,,,,,,,,,,,,,,,,,,,,,,,,,,,,,,,,,,,,,,,,,,,,,,,,,,,,,,"https://eman-archives.org/joyeuses-inventions/files/original/663361257d6862c78ef27a258a5c62f3.jpg,https://eman-archives.org/joyeuses-inventions/files/original/00f9d578de078d64a8a87a390ec49624.jpg",JI_Poemes,"Édition : 1551 - Boutehors d’oisiveté - Gort",0,0
7134,"[1551_Boutehors_Gort] 031 Un Cordelier glorieux pour sa voix",,,,"München (De), BSB, P.o.gall. 296","équipe Joyeuses inventions ; EMAN (Thalim, CNRS-ENS-Sorbonne nouvelle)",1551,Rouen,,in-16,Français,Poème,,"Speyer, Miriam","Fiche : équipe Joyeuses inventions ; EMAN (Thalim, CNRS-ENS-Sorbonne nouvelle). Licence Creative Commons Attribution – Partage à l’Identique 3.0 (CC BY-SA 3.0 FR)","[1551_Boutehors_Gort]_Page_055,[1551_Boutehors_Gort]_Page_056","D4r, D4v","n° 031",,"D’un cordelier glorieux à cause de sa voix.",Illustration,,"Un Cordelier glorieux pour sa voix",,,,"Un cordelier glorieux pour sa voix","Un cordelier glorieux pour sa voix",,,,1,,,,,,,,,,,,,,,,,,,,,,,,,,,,,,,,,"Numérisation totale",,,"Du Gort, Robert",https://opacplus.bsb-muenchen.de/search?oclcno=645520575&db=100&View=default,,,,,,,,,,,,,,,,,,,,,,,,,,,,,,,,,,,,,,,,,,,,,,,,,,,,,,,,,,,,,,,,,,,,,,"https://eman-archives.org/joyeuses-inventions/files/original/5a9579da7c2b1ea6cacbfa80d504b5ec.jpg,https://eman-archives.org/joyeuses-inventions/files/original/793a64f69ff4b9e9c78ef4d00163c80f.jpg",JI_Poemes,"Édition : 1551 - Boutehors d’oisiveté - Gort",0,0
7133,"[1551_Boutehors_Gort] 030 Durant les jours que gens sont empeschez",,,,"München (De), BSB, P.o.gall. 296","équipe Joyeuses inventions ; EMAN (Thalim, CNRS-ENS-Sorbonne nouvelle)",1551,Rouen,,in-16,Français,Poème,,"Speyer, Miriam","Fiche : équipe Joyeuses inventions ; EMAN (Thalim, CNRS-ENS-Sorbonne nouvelle). Licence Creative Commons Attribution – Partage à l’Identique 3.0 (CC BY-SA 3.0 FR)","[1551_Boutehors_Gort]_Page_053,[1551_Boutehors_Gort]_Page_054,[1551_Boutehors_Gort]_Page_055","D3r, D3v, D4r","n° 030",,"De la fallace d’une femme, vers son mary.","Pas d'illustration",,"Durant les jours que gens sont empeschez",,,,"Durant les jours que gens sont empêchés","Durant les jours que gens sont empêchés",,,,1,,,,,,,,,,,,,,,,,,,,,,,,,,,,,,,,,"Numérisation totale",,,"Du Gort, Robert",https://opacplus.bsb-muenchen.de/search?oclcno=645520575&db=100&View=default,,,,,,,,,,,,,,,,,,,,,,,,,,,,,,,,,,,,,,,,,,,,,,,,,,,,,,,,,,,,,,,,,,,,,,"https://eman-archives.org/joyeuses-inventions/files/original/70e1df5a535226d48b66cf98a7cb46aa.jpg,https://eman-archives.org/joyeuses-inventions/files/original/21c28e9914bcedd034fc493df37c5d66.jpg,https://eman-archives.org/joyeuses-inventions/files/original/3b7d1d816ecaf43d5b656d2da76f6eec.jpg",JI_Poemes,"Édition : 1551 - Boutehors d’oisiveté - Gort",0,0
7132,"[1551_Boutehors_Gort] 029 Pendant le temps que les Souriz avoient",,,,"München (De), BSB, P.o.gall. 296","équipe Joyeuses inventions ; EMAN (Thalim, CNRS-ENS-Sorbonne nouvelle)",1551,Rouen,,in-16,Français,Poème,,"Speyer, Miriam","Fiche : équipe Joyeuses inventions ; EMAN (Thalim, CNRS-ENS-Sorbonne nouvelle). Licence Creative Commons Attribution – Partage à l’Identique 3.0 (CC BY-SA 3.0 FR)","[1551_Boutehors_Gort]_Page_049,[1551_Boutehors_Gort]_Page_050,[1551_Boutehors_Gort]_Page_051,[1551_Boutehors_Gort]_Page_052","D1r,D1v,D2r,D2v","n° 029",,"Apologue d’une Souris, &amp; de ses petitz Sourichons.",Illustration,,"Pendant le temps que les Souriz avoient",,,,"Pendant le temps que les souris avaient","Pendant le temps que les souris avaient","autre illustration à la fin de la pièce &gt; a priori (logiquement &gt; piècequi suit. Même chose dans éd. de 1590",,,1,,,,,,,,,,,,,,,,,,,,,,,,,,,,,,,,,"Numérisation totale",,,"Du Gort, Robert",https://opacplus.bsb-muenchen.de/search?oclcno=645520575&db=100&View=default,,,,,,,,,,,,,,,,,,,,,,,,,,,,,,,,,,,,,,,,,,,,,,,,,,,,,,,,,,,,,,,,,,,,,,"https://eman-archives.org/joyeuses-inventions/files/original/80785e145bb709246c4ba982ce4213e3.jpg,https://eman-archives.org/joyeuses-inventions/files/original/fb6b691db0ef2d61e43b6e409607a216.jpg,https://eman-archives.org/joyeuses-inventions/files/original/7d18ee1727bb59807cfd60a3ac116955.jpg,https://eman-archives.org/joyeuses-inventions/files/original/96e1ba70b82f43c739bcb5ea32dea9f0.jpg",JI_Poemes,"Édition : 1551 - Boutehors d’oisiveté - Gort",0,0
7131,"[1551_Boutehors_Gort] 028 Deux compaignons se mettans au hazart",,,,"München (De), BSB, P.o.gall. 296","équipe Joyeuses inventions ; EMAN (Thalim, CNRS-ENS-Sorbonne nouvelle)",1551,Rouen,,in-16,Français,Poème,,"Speyer, Miriam","Fiche : équipe Joyeuses inventions ; EMAN (Thalim, CNRS-ENS-Sorbonne nouvelle). Licence Creative Commons Attribution – Partage à l’Identique 3.0 (CC BY-SA 3.0 FR)","[1551_Boutehors_Gort]_Page_046,[1551_Boutehors_Gort]_Page_047,[1551_Boutehors_Gort]_Page_048,[1551_Boutehors_Gort]_Page_049","C7v, C8r, C8v, D1r","n° 028",,"Autre hystoire de deux couppeurs de bourses, desquelz l’un fut pendu &amp; l’autre fustigé,",Illustration,,"Deux compaignons se mettans au hazart",,,,"Deux compagnons se mettant au hasard","Deux compagnons se mettant au hasard",,,,1,,,,,,,,,,,,,,,,,,,,,,,,,,,,,,,,,"Numérisation totale",,,"Du Gort, Robert",https://opacplus.bsb-muenchen.de/search?oclcno=645520575&db=100&View=default,,,,,,,,,,,,,,,,,,,,,,,,,,,,,,,,,,,,,,,,,,,,,,,,,,,,,,,,,,,,,,,,,,,,,,"https://eman-archives.org/joyeuses-inventions/files/original/b24f06c92b8fd5b64a08d7bd3d41ca6e.jpg,https://eman-archives.org/joyeuses-inventions/files/original/309fa0944459ed07c24d2ad6710ba4ae.jpg,https://eman-archives.org/joyeuses-inventions/files/original/76ff048973e0d05ff1de7d3ca1bc144c.jpg,https://eman-archives.org/joyeuses-inventions/files/original/f14692fdb1db1e0347858c24259e4920.jpg",JI_Poemes,"Édition : 1551 - Boutehors d’oisiveté - Gort",0,0
7130,"[1551_Boutehors_Gort] 027 Un fin pipeur voyant aucun bon prebstre",,,,"München (De), BSB, P.o.gall. 296","équipe Joyeuses inventions ; EMAN (Thalim, CNRS-ENS-Sorbonne nouvelle)",1551,Rouen,,in-16,Français,Poème,,"Speyer, Miriam","Fiche : équipe Joyeuses inventions ; EMAN (Thalim, CNRS-ENS-Sorbonne nouvelle). Licence Creative Commons Attribution – Partage à l’Identique 3.0 (CC BY-SA 3.0 FR)","[1551_Boutehors_Gort]_Page_043,[1551_Boutehors_Gort]_Page_044,[1551_Boutehors_Gort]_Page_045,[1551_Boutehors_Gort]_Page_046","C6r, C6v, C7r, C7v","n° 027",,"D’un pipeur venant à confesse à un bon prestre.",Illustration,,"Un fin pipeur voyant aucun bon prebstre",,,,"Un fin pipeur voyant aucun bon prêtre","Un fin pipeur voyant aucun bon prêtre",,,,1,,,,,,,,,,,,,,,,,,,,,,,,,,,,,,,,,"Numérisation totale",,,"Du Gort, Robert",https://opacplus.bsb-muenchen.de/search?oclcno=645520575&db=100&View=default,,,,,,,,,,,,,,,,,,,,,,,,,,,,,,,,,,,,,,,,,,,,,,,,,,,,,,,,,,,,,,,,,,,,,,"https://eman-archives.org/joyeuses-inventions/files/original/ba32cf077c00674dd335dc5bdcdf190b.jpg,https://eman-archives.org/joyeuses-inventions/files/original/331f1288988ff64962cee1ed3a033de9.jpg,https://eman-archives.org/joyeuses-inventions/files/original/ff16be212ae71de0bc508267fe7fc59b.jpg,https://eman-archives.org/joyeuses-inventions/files/original/97357c6d47224e057687dab74eab9bcd.jpg",JI_Poemes,"Édition : 1551 - Boutehors d’oisiveté - Gort",0,0
7129,"[1551_Boutehors_Gort] 026 Comme un marchant chevauchoit son beau train",,,,"München (De), BSB, P.o.gall. 296","équipe Joyeuses inventions ; EMAN (Thalim, CNRS-ENS-Sorbonne nouvelle)",1551,Rouen,,in-16,Français,Poème,,"Speyer, Miriam","Fiche : équipe Joyeuses inventions ; EMAN (Thalim, CNRS-ENS-Sorbonne nouvelle). Licence Creative Commons Attribution – Partage à l’Identique 3.0 (CC BY-SA 3.0 FR)","[1551_Boutehors_Gort]_Page_039,[1551_Boutehors_Gort]_Page_040,[1551_Boutehors_Gort]_Page_041,[1551_Boutehors_Gort]_Page_042,[1551_Boutehors_Gort]_Page_043","C4r, C4v, C5r, C5v, C6r","n° 026",,"Autre hystoire d’un marchant &amp; d’un sien serviteur menteur.",Illustration,,"Comme un marchant chevauchoit son beau train",,,,"Comme un marchant chevauchait son beau train","Comme un marchant chevauchait son beau train",,,,1,,,,,,,,,,,,,,,,,,,,,,,,,,,,,,,,,"Numérisation totale",,,"Du Gort, Robert",https://opacplus.bsb-muenchen.de/search?oclcno=645520575&db=100&View=default,,,,,,,,,,,,,,,,,,,,,,,,,,,,,,,,,,,,,,,,,,,,,,,,,,,,,,,,,,,,,,,,,,,,,,"https://eman-archives.org/joyeuses-inventions/files/original/2d046b36b65904d02d931501563ba4ba.jpg,https://eman-archives.org/joyeuses-inventions/files/original/0006eef984f8ababd1231f5d44c21c29.jpg,https://eman-archives.org/joyeuses-inventions/files/original/35ca02d2adf399cd64260719dd4dc68e.jpg,https://eman-archives.org/joyeuses-inventions/files/original/af695d504f2482d41fb68f1812e5d9e9.jpg,https://eman-archives.org/joyeuses-inventions/files/original/bd38b572b0a08dce006070d73ea07000.jpg",JI_Poemes,"Édition : 1551 - Boutehors d’oisiveté - Gort",0,0
7128,"[1551_Boutehors_Gort] 025 Un affronteur bien cognoissant le stille",,,,"München (De), BSB, P.o.gall. 296","équipe Joyeuses inventions ; EMAN (Thalim, CNRS-ENS-Sorbonne nouvelle)",1551,Rouen,,in-16,Français,Poème,,"Speyer, Miriam","Fiche : équipe Joyeuses inventions ; EMAN (Thalim, CNRS-ENS-Sorbonne nouvelle). Licence Creative Commons Attribution – Partage à l’Identique 3.0 (CC BY-SA 3.0 FR)","[1551_Boutehors_Gort]_Page_035,[1551_Boutehors_Gort]_Page_036,[1551_Boutehors_Gort]_Page_037,[1551_Boutehors_Gort]_Page_038,[1551_Boutehors_Gort]_Page_039","C2r, C2v, C3r, C3v, C4r","n° 025",,"Autre hystoire d’un affronteur &amp; d’un curé de village.",Illustration,,"Un affronteur bien cognoissant le stille",,,,"Un affronteur bien connaissant le style","Un affronteur bien connaissant le style",,,,1,,,,,,,,,,,,,,,,,,,,,,,,,,,,,,,,,"Numérisation totale",,,"Du Gort, Robert",https://opacplus.bsb-muenchen.de/search?oclcno=645520575&db=100&View=default,,,,,,,,,,,,,,,,,,,,,,,,,,,,,,,,,,,,,,,,,,,,,,,,,,,,,,,,,,,,,,,,,,,,,,"https://eman-archives.org/joyeuses-inventions/files/original/4dcfa69d09f9451ef342cce3460ec9c0.jpg,https://eman-archives.org/joyeuses-inventions/files/original/08cb00afbd2d8a31bf4ddfc2d432bdd5.jpg,https://eman-archives.org/joyeuses-inventions/files/original/916c58b8b4d1e1ee366fc091acb4e42d.jpg,https://eman-archives.org/joyeuses-inventions/files/original/cc69aaa0e277bd8b1016f861d80cf751.jpg,https://eman-archives.org/joyeuses-inventions/files/original/43f8cf2d8190d5ab4249a6dad4122dd1.jpg",JI_Poemes,"Édition : 1551 - Boutehors d’oisiveté - Gort",0,0
7127,"[1551_Boutehors_Gort] 024 Certain quidam cognoissant bien les tour",,,,"München (De), BSB, P.o.gall. 296","équipe Joyeuses inventions ; EMAN (Thalim, CNRS-ENS-Sorbonne nouvelle)",1551,Rouen,,in-16,Français,Poème,,"Speyer, Miriam","Fiche : équipe Joyeuses inventions ; EMAN (Thalim, CNRS-ENS-Sorbonne nouvelle). Licence Creative Commons Attribution – Partage à l’Identique 3.0 (CC BY-SA 3.0 FR)","[1551_Boutehors_Gort]_Page_031,[1551_Boutehors_Gort]_Page_032,[1551_Boutehors_Gort]_Page_033,[1551_Boutehors_Gort]_Page_034","B8r, B8v, C1r, C1v","n° 024",,"Autre hystoire d’un quidam faignant estre medecin, &amp; de plusieurs maraultz.","Pas d'illustration",,"Certain quidam cognoissant bien les tour",,,,"Certain quidam connaissant bien les tours","Certain quidam connaissant bien les tours","tour &gt; tours ? Coupé par numérisation",,,1,,,,,,,,,,,,,,,,,,,,,,,,,,,,,,,,,"Numérisation totale",,,"Du Gort, Robert",https://opacplus.bsb-muenchen.de/search?oclcno=645520575&db=100&View=default,,,,,,,,,,,,,,,,,,,,,,,,,,,,,,,,,,,,,,,,,,,,,,,,,,,,,,,,,,,,,,,,,,,,,,"https://eman-archives.org/joyeuses-inventions/files/original/51cc998217693c5e1671f2f11761f1d0.jpg,https://eman-archives.org/joyeuses-inventions/files/original/62f768fc5b3ad4c9362483376a23ab3a.jpg,https://eman-archives.org/joyeuses-inventions/files/original/472ae2d981bb557aafe7d4db3d9095eb.jpg,https://eman-archives.org/joyeuses-inventions/files/original/3b36eba927ff78d1731559cc197bf195.jpg",JI_Poemes,"Édition : 1551 - Boutehors d’oisiveté - Gort",0,0
7126,"[1551_Boutehors_Gort] 023 Deux compaignons et voysins voyans estre",,,,"München (De), BSB, P.o.gall. 296","équipe Joyeuses inventions ; EMAN (Thalim, CNRS-ENS-Sorbonne nouvelle)",1551,Rouen,,in-16,Français,Poème,,"Speyer, Miriam","Fiche : équipe Joyeuses inventions ; EMAN (Thalim, CNRS-ENS-Sorbonne nouvelle). Licence Creative Commons Attribution – Partage à l’Identique 3.0 (CC BY-SA 3.0 FR)","[1551_Boutehors_Gort]_Page_028,[1551_Boutehors_Gort]_Page_029,[1551_Boutehors_Gort]_Page_030,[1551_Boutehors_Gort]_Page_031","B6v, B7r, B7v, B8r","n° 023",,"Autre hystoire de deux hommes &amp; d’un advocat.",Illustration,,"Deux compaignons &amp; voysins voyans estre",,,,"Deux compagnons et voisins voyant être","Deux compagnons et voisins voyant être",,,,1,,,,,,,,,,,,,,,,,,,,,,,,,,,,,,,,,"Numérisation totale",,,"Du Gort, Robert",https://opacplus.bsb-muenchen.de/search?oclcno=645520575&db=100&View=default,,,,,,,,,,,,,,,,,,,,,,,,,,,,,,,,,,,,,,,,,,,,,,,,,,,,,,,,,,,,,,,,,,,,,,"https://eman-archives.org/joyeuses-inventions/files/original/73ee4981014c740cb2eb9c4761a4febb.jpg,https://eman-archives.org/joyeuses-inventions/files/original/7f0d83e6a035accbc0c6ad010e3bf4bf.jpg,https://eman-archives.org/joyeuses-inventions/files/original/c55971f135260a7112dd6a4250f450c6.jpg,https://eman-archives.org/joyeuses-inventions/files/original/3a968072d1d283ee5a2ffdbd5ad030f9.jpg",JI_Poemes,"Édition : 1551 - Boutehors d’oisiveté - Gort",0,0
7125,"[1551_Boutehors_Gort] 022 Aucun jongleur de mentir fort habille",,,,"München (De), BSB, P.o.gall. 296","équipe Joyeuses inventions ; EMAN (Thalim, CNRS-ENS-Sorbonne nouvelle)",1551,Rouen,,in-16,Français,Poème,,"Speyer, Miriam","Fiche : équipe Joyeuses inventions ; EMAN (Thalim, CNRS-ENS-Sorbonne nouvelle). Licence Creative Commons Attribution – Partage à l’Identique 3.0 (CC BY-SA 3.0 FR)","[1551_Boutehors_Gort]_Page_026,[1551_Boutehors_Gort]_Page_027,[1551_Boutehors_Gort]_Page_028","B5v, B6r, B6v","n° 022",,"Hystoire joyeuse d’un jongleur.",Illustration,,"Aucun jongleur de mentir fort habille",,,,"Aucun jongleur de mentir fort habile","Aucun jongleur de mentir fort habile",,,,1,,,,,,,,,,,,,,,,,,,,,,,,,,,,,,,,,"Numérisation totale",,,"Du Gort, Robert",https://opacplus.bsb-muenchen.de/search?oclcno=645520575&db=100&View=default,,,,,,,,,,,,,,,,,,,,,,,,,,,,,,,,,,,,,,,,,,,,,,,,,,,,,,,,,,,,,,,,,,,,,,"https://eman-archives.org/joyeuses-inventions/files/original/17b60f1fa6756dba52dd4e04a66c43a5.jpg,https://eman-archives.org/joyeuses-inventions/files/original/177d4a157f60b50db36ecf5b8f8678c9.jpg,https://eman-archives.org/joyeuses-inventions/files/original/91e6f62a0f367bca011a4cd560f67826.jpg",JI_Poemes,"Édition : 1551 - Boutehors d’oisiveté - Gort",0,0
7124,"[1551_Boutehors_Gort] 021 Si femme veult un homme aveuglera",,,,"München (De), BSB, P.o.gall. 296","équipe Joyeuses inventions ; EMAN (Thalim, CNRS-ENS-Sorbonne nouvelle)",1551,Rouen,,in-16,Français,Poème,,"Speyer, Miriam","Fiche : équipe Joyeuses inventions ; EMAN (Thalim, CNRS-ENS-Sorbonne nouvelle). Licence Creative Commons Attribution – Partage à l’Identique 3.0 (CC BY-SA 3.0 FR)","[1551_Boutehors_Gort]_Page_024,[1551_Boutehors_Gort]_Page_025,[1551_Boutehors_Gort]_Page_026","B4v, B5r, B5v","n° 021",,"Balade sur la qualité des femmes.",Illustration,,"Si femme veult un homme aveuglera",,,,"Si femme veut un homme aveuglera","Si femme veut un homme aveuglera",,,,1,,,,,,,,,,,,,,,,,,,,,,,,,,,,,,,,,"Numérisation totale",,,"Du Gort, Robert",https://opacplus.bsb-muenchen.de/search?oclcno=645520575&db=100&View=default,,,,,,,,,,,,,,,,,,,,,,,,,,,,,,,,,,,,,,,,,,,,,,,,,,,,,,,,,,,,,,,,,,,,,,"https://eman-archives.org/joyeuses-inventions/files/original/d4647d21d124ace51ab4f23994ad3f11.jpg,https://eman-archives.org/joyeuses-inventions/files/original/4cb3fbc806066df442307b1f74730447.jpg,https://eman-archives.org/joyeuses-inventions/files/original/d1f778edffa517593dcfebb5453746c1.jpg",JI_Poemes,"Édition : 1551 - Boutehors d’oisiveté - Gort",0,0
7123,"[1551_Boutehors_Gort] 020 Un gentilhomme ayant tout le visage",,,,"München (De), BSB, P.o.gall. 296","équipe Joyeuses inventions ; EMAN (Thalim, CNRS-ENS-Sorbonne nouvelle)",1551,Rouen,,in-16,Français,,,"Speyer, Miriam","Fiche : équipe Joyeuses inventions ; EMAN (Thalim, CNRS-ENS-Sorbonne nouvelle). Licence Creative Commons Attribution – Partage à l’Identique 3.0 (CC BY-SA 3.0 FR)",[1551_Boutehors_Gort]_Page_024,B4v,"n° 020",,"Huictain d’un gentilastre ayant le nez menge de mittes.","Pas d'illustration",,"Un gentilhomme ayant tout le visage",,"Pièce strophique.",,"Un gentilhomme ayant tout le visage","Un gentilhomme ayant tout le visage","MS (10/01/2021) : dans les autres recueils, ce poème ne contient que les 8 premiers vers et il est donc un véritable huitain. Ici : composé de 2 huitains (si je vois bien)",,,1,,,,,,,,,,,,,,,,,,,,,,,,,,,,,,,,,"Numérisation totale",,,"Du Gort, Robert",https://opacplus.bsb-muenchen.de/search?oclcno=645520575&db=100&View=default,7123,,,,,,,,,,,,,,,,,,,,,,,,,,,,10/01/2021.,,,,,,,,,,,,,,,,,,,,,,,,,,,,,,,,,,,,,,,,,https://eman-archives.org/joyeuses-inventions/files/original/9fb7bb444cb97d4692542db5f650c05a.jpg,JI_Poemes,"Édition : 1551 - Boutehors d’oisiveté - Gort",0,0
7122,"[1551_Boutehors_Gort] 019 Le dernier jour de Karesme un saoulard",,,,"München (De), BSB, P.o.gall. 296","équipe Joyeuses inventions ; EMAN (Thalim, CNRS-ENS-Sorbonne nouvelle)",1551,Rouen,,in-16,Français,Poème,,"Speyer, Miriam","Fiche : équipe Joyeuses inventions ; EMAN (Thalim, CNRS-ENS-Sorbonne nouvelle). Licence Creative Commons Attribution – Partage à l’Identique 3.0 (CC BY-SA 3.0 FR)","[1551_Boutehors_Gort]_Page_023,[1551_Boutehors_Gort]_Page_024","B4r, B4v","n° 019",,"Huictain d’un saoulard.",Illustration,,"Le dernier jour de Karesme un saoulard",,,,"Le dernier jour de carême un soûlard","Le dernier jour de carême un soûlard",,,,1,,,,,,,,,,,,,,,,,,,,,,,,,,,,,,,,,"Numérisation totale",,,"Du Gort, Robert",https://opacplus.bsb-muenchen.de/search?oclcno=645520575&db=100&View=default,,,,,,,,,,,,,,,,,,,,,,,,,,,,,,,,,,,,,,,,,,,,,,,,,,,,,,,,,,,,,,,,,,,,,,"https://eman-archives.org/joyeuses-inventions/files/original/4cfbc4cc6157096b4b4d30ea2eab7871.jpg,https://eman-archives.org/joyeuses-inventions/files/original/08aaed25f2fa9cee592576be92cf7c04.jpg",JI_Poemes,"Édition : 1551 - Boutehors d’oisiveté - Gort",0,0
7121,"[1551_Boutehors_Gort] 018 Quelque advocat de gaigner curieux",,,,"München (De), BSB, P.o.gall. 296","équipe Joyeuses inventions ; EMAN (Thalim, CNRS-ENS-Sorbonne nouvelle)",1551,Rouen,,in-16,Français,,,"Speyer, Miriam","Fiche : équipe Joyeuses inventions ; EMAN (Thalim, CNRS-ENS-Sorbonne nouvelle). Licence Creative Commons Attribution – Partage à l’Identique 3.0 (CC BY-SA 3.0 FR)","[1551_Boutehors_Gort]_Page_022,[1551_Boutehors_Gort]_Page_023","B3v, B4r","n° 018",,"Dixain d’un procureur de religion perdant tous proces par faulte de mentir.","Pas d'illustration",,"Quelque advocat de gaigner curieux",,Dizain.,,"Quelque avocat de gagner curieux","Quelque avocat de gagner curieux",,,,1,,,,,,,,,,,,,,,,,,,,,,,,,,,,,,,,Pièce.,"Numérisation totale",,,"Du Gort, Robert",https://opacplus.bsb-muenchen.de/search?oclcno=645520575&db=100&View=default,7121,,,,,,,,,,,,,,,,,,,,,,,,,,,,12/01/2021.,,,,,,,,,,,,,,,,,,,,,,,,,,,,,,,,,,,,,,,,,"https://eman-archives.org/joyeuses-inventions/files/original/1d4c2f5aa26152c181c789274d128b7a.jpg,https://eman-archives.org/joyeuses-inventions/files/original/71165227a52b78e91f12d616a21a1b90.jpg",JI_Poemes,"Édition : 1551 - Boutehors d’oisiveté - Gort",0,0
7120,"[1551_Boutehors_Gort] 017 Un president glorieux par nature",,,,"München (De), BSB, P.o.gall. 296","équipe Joyeuses inventions ; EMAN (Thalim, CNRS-ENS-Sorbonne nouvelle)",1551,Rouen,,in-16,Français,Poème,,"Speyer, Miriam","Fiche : équipe Joyeuses inventions ; EMAN (Thalim, CNRS-ENS-Sorbonne nouvelle). Licence Creative Commons Attribution – Partage à l’Identique 3.0 (CC BY-SA 3.0 FR)",[1551_Boutehors_Gort]_Page_022,B3v,"n° 017",,"Unzain d’un glorieux president.","Pas d'illustration",,"Un president glorieux par nature",,,,"Un président glorieux par nature","Un président glorieux par nature",,,,1,,,,,,,,,,,,,,,,,,,,,,,,,,,,,,,,,"Numérisation totale",,,"Du Gort, Robert",https://opacplus.bsb-muenchen.de/search?oclcno=645520575&db=100&View=default,,,,,,,,,,,,,,,,,,,,,,,,,,,,,,,,,,,,,,,,,,,,,,,,,,,,,,,,,,,,,,,,,,,,,,https://eman-archives.org/joyeuses-inventions/files/original/2a581cc2b119ee5338f6452c720b60a2.jpg,JI_Poemes,"Édition : 1551 - Boutehors d’oisiveté - Gort",0,0
7119,"[1551_Boutehors_Gort] 016 Un jour un Roy rencontrant un rustique",,,,"München (De), BSB, P.o.gall. 296","équipe Joyeuses inventions ; EMAN (Thalim, CNRS-ENS-Sorbonne nouvelle)",1551,Rouen,,in-16,Français,Poème,,"Speyer, Miriam","Fiche : équipe Joyeuses inventions ; EMAN (Thalim, CNRS-ENS-Sorbonne nouvelle). Licence Creative Commons Attribution – Partage à l’Identique 3.0 (CC BY-SA 3.0 FR)",[1551_Boutehors_Gort]_Page_022,B3v,"n° 016",,"Huictain d’un Roy &amp; d’un rustique ayant achepté ungs souilliert neufz.","Pas d'illustration",,"Un jour un Roy rencontrant un rustique",,,,"Un jour un roi rencontrant un rustique","Un jour un roi rencontrant un rustique",,,,1,,,,,,,,,,,,,,,,,,,,,,,,,,,,,,,,,"Numérisation totale",,,"Du Gort, Robert",https://opacplus.bsb-muenchen.de/search?oclcno=645520575&db=100&View=default,,,,,,,,,,,,,,,,,,,,,,,,,,,,,,,,,,,,,,,,,,,,,,,,,,,,,,,,,,,,,,,,,,,,,,https://eman-archives.org/joyeuses-inventions/files/original/e65e22695feeb02618e81cc42ae694ec.jpg,JI_Poemes,"Édition : 1551 - Boutehors d’oisiveté - Gort",0,0
7118,"[1551_Boutehors_Gort] 015 Un bon marchant pres qu’à tous redevable",,,,"München (De), BSB, P.o.gall. 296","équipe Joyeuses inventions ; EMAN (Thalim, CNRS-ENS-Sorbonne nouvelle)",1551,Rouen,,in-16,Français,Poème,,"Speyer, Miriam","Fiche : équipe Joyeuses inventions ; EMAN (Thalim, CNRS-ENS-Sorbonne nouvelle). Licence Creative Commons Attribution – Partage à l’Identique 3.0 (CC BY-SA 3.0 FR)",[1551_Boutehors_Gort]_Page_021,B3r,"n° 015",,"Dixain d’un depteur disant la patenostre n’estre en tous pointz veritable.",Illustration,,"Un bon marchant pres qu’à tous redevable",,,,"Un bon marchant près qu’à tous redevables","Un bon marchant près qu’à tous redevables",,,,1,,,,,,,,,,,,,,,,,,,,,,,,,,,,,,,,,"Numérisation totale",,,"Du Gort, Robert",https://opacplus.bsb-muenchen.de/search?oclcno=645520575&db=100&View=default,,,,,,,,,,,,,,,,,,,,,,,,,,,,,,,,,,,,,,,,,,,,,,,,,,,,,,,,,,,,,,,,,,,,,,https://eman-archives.org/joyeuses-inventions/files/original/dde18ae30cffc98f4815629db89f7fa7.jpg,JI_Poemes,"Édition : 1551 - Boutehors d’oisiveté - Gort",0,0
7117,"[1551_Boutehors_Gort] 014 Aucun porteur de rogatons peust faire",,,,"München (De), BSB, P.o.gall. 296","équipe Joyeuses inventions ; EMAN (Thalim, CNRS-ENS-Sorbonne nouvelle)",1551,Rouen,,in-16,Français,Poème,,"Speyer, Miriam","Fiche : équipe Joyeuses inventions ; EMAN (Thalim, CNRS-ENS-Sorbonne nouvelle). Licence Creative Commons Attribution – Partage à l’Identique 3.0 (CC BY-SA 3.0 FR)","[1551_Boutehors_Gort]_Page_019,[1551_Boutehors_Gort]_Page_020,[1551_Boutehors_Gort]_Page_021","B2r, B2v, B3r","n° 014",,"Dixain d’une gaigeure faicte par un porteur de rogatons vers son hostesse.","Pas d'illustration",,"Aucun porteur de rogatons peust faire",,,,"Aucun porteur de rogatons pût faire","Aucun porteur de rogatons pût faire","Dans éd. 1602 ces pièces apparaissent clairement comme des sous-pièces- Dans éd. de 1551 hésitation entre section et sous-pièces",,,3,"Aucun porteur de rogatons peust faire",,"O bonnes gentz autant hommes que femmes","O bonnes gens autant hommes que femmes",,"Ce qu’entendent autant jeunes que vieux","Ce qu’entendent autant jeunes que vieux",,,,,,,,,,,,,,,,,,,,,,,,,,"Numérisation totale",,,"Du Gort, Robert",https://opacplus.bsb-muenchen.de/search?oclcno=645520575&db=100&View=default,,,,,,,,,,,,,,,,,,,,,,,,,,,,,,,,,,,,,,,,,,,,,,,,,,,,,,,,,,,,,,,,,,,,,,"https://eman-archives.org/joyeuses-inventions/files/original/9c1d413708990ab6717056818988f99e.jpg,https://eman-archives.org/joyeuses-inventions/files/original/d9829c784a2a94b0eb58552b0837c194.jpg,https://eman-archives.org/joyeuses-inventions/files/original/58426788c09c63bd26b58df1e68bb08a.jpg",JI_Poemes,"Édition : 1551 - Boutehors d’oisiveté - Gort",0,0
7116,"[1551_Boutehors_Gort] 013 A un quidam dix escus par un Roy",,,,"München (De), BSB, P.o.gall. 296","équipe Joyeuses inventions ; EMAN (Thalim, CNRS-ENS-Sorbonne nouvelle)",1551,Rouen,,in-16,Français,Poème,,"Speyer, Miriam","Fiche : équipe Joyeuses inventions ; EMAN (Thalim, CNRS-ENS-Sorbonne nouvelle). Licence Creative Commons Attribution – Partage à l’Identique 3.0 (CC BY-SA 3.0 FR)","[1551_Boutehors_Gort]_Page_018,[1551_Boutehors_Gort]_Page_019","B1v, B2r","n° 013",,"Dixain d’un quidam auquel fut donné dix éscus par un Roy &amp; n’en receut que neuf du thresorier.",Illustration,,"A un quidam dix escus par un Roy",,,,"A un quidam dix écus par un roi","A un quidam dix écus par un roi",,,,1,,,,,,,,,,,,,,,,,,,,,,,,,,,,,,,,,"Numérisation totale",,,"Du Gort, Robert",https://opacplus.bsb-muenchen.de/search?oclcno=645520575&db=100&View=default,,,,,,,,,,,,,,,,,,,,,,,,,,,,,,,,,,,,,,,,,,,,,,,,,,,,,,,,,,,,,,,,,,,,,,"https://eman-archives.org/joyeuses-inventions/files/original/8d681e5fae54fcd9a57e968cb00c340b.jpg,https://eman-archives.org/joyeuses-inventions/files/original/e5cfafb478b0e0ff4fb57e2f726e4020.jpg",JI_Poemes,"Édition : 1551 - Boutehors d’oisiveté - Gort",0,0
7115,"[1551_Boutehors_Gort] 012 Ainsi comment deux gallans banquetoient",,,,"München (De), BSB, P.o.gall. 296","équipe Joyeuses inventions ; EMAN (Thalim, CNRS-ENS-Sorbonne nouvelle)",1551,Rouen,,in-16,Français,Poème,,"Speyer, Miriam","Fiche : équipe Joyeuses inventions ; EMAN (Thalim, CNRS-ENS-Sorbonne nouvelle). Licence Creative Commons Attribution – Partage à l’Identique 3.0 (CC BY-SA 3.0 FR)","[1551_Boutehors_Gort]_Page_017,[1551_Boutehors_Gort]_Page_018","B1r, B1v","n° 012",,"Pas de titre",Illustration,,"Ainsi comment deux gallans banquetoient",,,,"Ainsi comment deux galants banquetaient","Ainsi comment deux galants banquetaient","""jenin"" ?","Dixains de deux gallans surprins avecq’ la femme d’un quidam.",,3,"Ainsi comment deux gallans banquetoient",,"Iceulx cachez, entré est le jenin","Iceux cachés, entré est le jenin (?)",,"Ce qu’entendant l’un des gallans ja dict","Ce qu’entendant l’un des galants jà dit",,,,,,,,,,,,,,,,,,,,,,,,,,"Numérisation totale",,,"Du Gort, Robert",https://opacplus.bsb-muenchen.de/search?oclcno=645520575&db=100&View=default,,,,,,,,,,,,,,,,,,,,,,,,,,,,,,,,,,,,,,,,,,,,,,,,,,,,,,,,,,,,,,,,,,,,,,"https://eman-archives.org/joyeuses-inventions/files/original/a4cdfeab8fb6873e69ac7ca7455c2801.jpg,https://eman-archives.org/joyeuses-inventions/files/original/908f06ae7093f50abcafb658f29f61e5.jpg",JI_Poemes,"Édition : 1551 - Boutehors d’oisiveté - Gort",0,0
7114,"[1551_Boutehors_Gort] 011 Certain Pipeur vint sur un jour de feste",,,,"München (De), BSB, P.o.gall. 296","équipe Joyeuses inventions ; EMAN (Thalim, CNRS-ENS-Sorbonne nouvelle)",1551,Rouen,,in-16,Français,Poème,,"Speyer, Miriam","Fiche : équipe Joyeuses inventions ; EMAN (Thalim, CNRS-ENS-Sorbonne nouvelle). Licence Creative Commons Attribution – Partage à l’Identique 3.0 (CC BY-SA 3.0 FR)","[1551_Boutehors_Gort]_Page_016,[1551_Boutehors_Gort]_Page_017","A8v, B1r","n° 011",,"Pas de titre","Pas d'illustration",,"Certain Pipeur vint sur un jour de feste",,,,"Certain pipeur vint sur un jour de fête","Certain pipeur vint sur un jour de fête",,"Deux unzains d’un Changeur &amp; d’un pipeur.",,2,"Certain Pipeur vint sur un jour de feste",,"Quand le Changeur eust bien ouy le dire","Quand le changeur eût bien oui le dire",,,,,,,,,,,,,,,,,,,,,,,,,,,,,"Numérisation totale",,,"Du Gort, Robert",https://opacplus.bsb-muenchen.de/search?oclcno=645520575&db=100&View=default,,,,,,,,,,,,,,,,,,,,,,,,,,,,,,,,,,,,,,,,,,,,,,,,,,,,,,,,,,,,,,,,,,,,,,"https://eman-archives.org/joyeuses-inventions/files/original/914f3424dc177b70995b1a52b3453d5c.jpg,https://eman-archives.org/joyeuses-inventions/files/original/422ac8e8a91de4df7e31e5224618500e.jpg",JI_Poemes,"Édition : 1551 - Boutehors d’oisiveté - Gort",0,0
7113,"[1551_Boutehors_Gort] 010 Un Roy voyant aulcun de face et corps",,,,"München (De), BSB, P.o.gall. 296","équipe Joyeuses inventions ; EMAN (Thalim, CNRS-ENS-Sorbonne nouvelle)",1551,Rouen,,in-16,Français,Poème,,"Speyer, Miriam","Fiche : équipe Joyeuses inventions ; EMAN (Thalim, CNRS-ENS-Sorbonne nouvelle). Licence Creative Commons Attribution – Partage à l’Identique 3.0 (CC BY-SA 3.0 FR)","[1551_Boutehors_Gort]_Page_015,[1551_Boutehors_Gort]_Page_016","A8r, A8v","n° 010",,"Dixain d’un Roy &amp; d’un quidam qui luy ressembloit.",Illustration,,"Un Roy voyant aulcun de face &amp; corps",,,,"Un roi voyant aucun de face et corps","Un roi voyant aucun de face et corps",,,,1,,,,,,,,,,,,,,,,,,,,,,,,,,,,,,,,,"Numérisation totale",,,"Du Gort, Robert",https://opacplus.bsb-muenchen.de/search?oclcno=645520575&db=100&View=default,,,,,,,,,,,,,,,,,,,,,,,,,,,,,,,,,,,,,,,,,,,,,,,,,,,,,,,,,,,,,,,,,,,,,,"https://eman-archives.org/joyeuses-inventions/files/original/cc1985017c3d1581c9bbc36259c455ce.jpg,https://eman-archives.org/joyeuses-inventions/files/original/8de019e91bfa40838eb5fad89693a5c4.jpg",JI_Poemes,"Édition : 1551 - Boutehors d’oisiveté - Gort",0,0
7112,"[1551_Boutehors_Gort] 009 Aulcun Larron environ la minuict",,,,"München (De), BSB, P.o.gall. 296","équipe Joyeuses inventions ; EMAN (Thalim, CNRS-ENS-Sorbonne nouvelle)",1551,Rouen,,in-16,Français,Poème,,"Speyer, Miriam","Fiche : équipe Joyeuses inventions ; EMAN (Thalim, CNRS-ENS-Sorbonne nouvelle). Licence Creative Commons Attribution – Partage à l’Identique 3.0 (CC BY-SA 3.0 FR)","[1551_Boutehors_Gort]_Page_014,[1551_Boutehors_Gort]_Page_015","A7v, A8r","n° 009",,"Huictain d’un Larron voulant robber de nuict un Homme qui n’avoit rien.","Pas d'illustration",,"Aulcun Larron environ la minuict",,,,"Aucun larron environ la minuit","Aucun larron environ la minuit",,,,1,,,,,,,,,,,,,,,,,,,,,,,,,,,,,,,,,"Numérisation totale",,,"Du Gort, Robert",https://opacplus.bsb-muenchen.de/search?oclcno=645520575&db=100&View=default,,,,,,,,,,,,,,,,,,,,,,,,,,,,,,,,,,,,,,,,,,,,,,,,,,,,,,,,,,,,,,,,,,,,,,"https://eman-archives.org/joyeuses-inventions/files/original/89283e9bdb5567d7ea2f186fee93209e.jpg,https://eman-archives.org/joyeuses-inventions/files/original/a1b704b3fbb70bf45804a4d49b07e2bc.jpg",JI_Poemes,"Édition : 1551 - Boutehors d’oisiveté - Gort",0,0
7111,"[1551_Boutehors_Gort] 008 Aristippus desirant à coucher",,,,"München (De), BSB, P.o.gall. 296","équipe Joyeuses inventions ; EMAN (Thalim, CNRS-ENS-Sorbonne nouvelle)",1551,Rouen,,in-16,Français,Poème,,"Speyer, Miriam","Fiche : équipe Joyeuses inventions ; EMAN (Thalim, CNRS-ENS-Sorbonne nouvelle). Licence Creative Commons Attribution – Partage à l’Identique 3.0 (CC BY-SA 3.0 FR)",[1551_Boutehors_Gort]_Page_014,A7v,"n° 008",,"Dizain sur la responce d’un philosophe Aristippus faicte à la demande de Lais pour coucher une nuict avec elle.",Illustration,,"Aristippus desirant à coucher",,,,"Aristippus désirant à coucher","Aristippus désirant à coucher",,,,1,,,,,,,,,,,,,,,,,,,,,,,,,,,,,,,,,"Numérisation totale",,,"Du Gort, Robert",https://opacplus.bsb-muenchen.de/search?oclcno=645520575&db=100&View=default,,,,,,,,,,,,,,,,,,,,,,,,,,,,,,,,,,,,,,,,,,,,,,,,,,,,,,,,,,,,,,,,,,,,,,https://eman-archives.org/joyeuses-inventions/files/original/2589ff39667ca2336298316a79fcb649.jpg,JI_Poemes,"Édition : 1551 - Boutehors d’oisiveté - Gort",0,0
7110,"[1551_Boutehors_Gort] 007 De mille escuz la bourse tousjours plaine",,,,"München (De), BSB, P.o.gall. 296","équipe Joyeuses inventions ; EMAN (Thalim, CNRS-ENS-Sorbonne nouvelle)",1551,Rouen,,in-16,Français,Poème,,"Speyer, Miriam","Fiche : équipe Joyeuses inventions ; EMAN (Thalim, CNRS-ENS-Sorbonne nouvelle). Licence Creative Commons Attribution – Partage à l’Identique 3.0 (CC BY-SA 3.0 FR)",[1551_Boutehors_Gort]_Page_013,A7r,"n° 007",,"Huictain contenant les biens desquelz se doibt contenter l’Homme en ce monde.","Pas d'illustration",,"De mille escuz la bourse tousjours plaine",,,,"De mille écus la bourse toujours pleine","De mille écus la bourse toujours pleine",,,,1,,,,,,,,,,,,,,,,,,,,,,,,,,,,,,,,,"Numérisation totale",,,"Du Gort, Robert",https://opacplus.bsb-muenchen.de/search?oclcno=645520575&db=100&View=default,,,,,,,,,,,,,,,,,,,,,,,,,,,,,,,,,,,,,,,,,,,,,,,,,,,,,,,,,,,,,,,,,,,,,,https://eman-archives.org/joyeuses-inventions/files/original/257010c5ddb30bd591eb909e556f9456.jpg,JI_Poemes,"Édition : 1551 - Boutehors d’oisiveté - Gort",0,0
7109,"[1551_Boutehors_Gort] 006 En la ville de Rouen une Haye jolye",,,,"München (De), BSB, P.o.gall. 296","équipe Joyeuses inventions ; EMAN (Thalim, CNRS-ENS-Sorbonne nouvelle)",1551,Rouen,,in-16,Français,Poème,,"Speyer, Miriam","Fiche : équipe Joyeuses inventions ; EMAN (Thalim, CNRS-ENS-Sorbonne nouvelle). Licence Creative Commons Attribution – Partage à l’Identique 3.0 (CC BY-SA 3.0 FR)",[1551_Boutehors_Gort]_Page_013,A7r,"n° 006",,"Chanson faicte sur ladite Haye se chantant de ceste chanson Ne venez plus ceans, mon amy te vous prie.","Pas d'illustration",,"En la ville de Rouen une Haye jolye",,,,"En la ville de rouen une haie jolie","En la ville de rouen une haie jolie",Haie,,,1,,,,,,,,,,,,,,,,,,,,,,,,,,,,,,,,,"Numérisation totale",,,"Du Gort, Robert",https://opacplus.bsb-muenchen.de/search?oclcno=645520575&db=100&View=default,,,,,,,,,,,,,,,,,,,,,,,,,,,,,,,,,,,,,,,,,,,,,,,,,,,,,,,,,,,,,,,,,,,,,,https://eman-archives.org/joyeuses-inventions/files/original/f2b6e797be5f593744b4731eef63b981.jpg,JI_Poemes,"Édition : 1551 - Boutehors d’oisiveté - Gort",0,0
7108,"[1551_Boutehors_Gort] 005 Celuy qui est en obscure prison",,,,"München (De), BSB, P.o.gall. 296","équipe Joyeuses inventions ; EMAN (Thalim, CNRS-ENS-Sorbonne nouvelle)",1551,Rouen,,in-16,Français,Poème,,"Speyer, Miriam","Fiche : équipe Joyeuses inventions ; EMAN (Thalim, CNRS-ENS-Sorbonne nouvelle). Licence Creative Commons Attribution – Partage à l’Identique 3.0 (CC BY-SA 3.0 FR)","[1551_Boutehors_Gort]_Page_009,[1551_Boutehors_Gort]_Page_010,[1551_Boutehors_Gort]_Page_011,[1551_Boutehors_Gort]_Page_012","A5r, A5v, A6r, A6v","n° 005",,"Pas de titre","Pas d'illustration",,"Celuy qui est en obscure prison",,,,"Celui qui est en obscure prison","Celui qui est en obscure prison",Haie,,,1,,,,,,,,,,,,,,,,,,,,,,,,,,,,,,,,,"Numérisation totale",,,"Du Gort, Robert",https://opacplus.bsb-muenchen.de/search?oclcno=645520575&db=100&View=default,,,,,,,,,,,,,,,,,,,,,,,,,,,,,,,,,,,,,,,,,,,,,,,,,,,,,,,,,,,,,,,,,,,,,,"https://eman-archives.org/joyeuses-inventions/files/original/cf9abe4c6b43b15a963f94ba09535a56.jpg,https://eman-archives.org/joyeuses-inventions/files/original/681a62d43a386af55afdb90547ce90df.jpg,https://eman-archives.org/joyeuses-inventions/files/original/08d0ee263ce375c31091b2645b0629ba.jpg,https://eman-archives.org/joyeuses-inventions/files/original/81be649c4313916c386f88a13cc6efe9.jpg",JI_Poemes,"Édition : 1551 - Boutehors d’oisiveté - Gort",0,0
7107,"[1551_Boutehors_Gort] 004 Icy est d’escripte une Haye",,,,"München (De), BSB, P.o.gall. 296","équipe Joyeuses inventions ; EMAN (Thalim, CNRS-ENS-Sorbonne nouvelle)",1551,Rouen,,in-16,Français,Poème,,"Speyer, Miriam","Fiche : équipe Joyeuses inventions ; EMAN (Thalim, CNRS-ENS-Sorbonne nouvelle). Licence Creative Commons Attribution – Partage à l’Identique 3.0 (CC BY-SA 3.0 FR)",[1551_Boutehors_Gort]_Page_009,A5r,"n° 004",,"Description d’une Haye en equivoque faicte a la requeste d’aulcune honorable dame nommee Marie de la Haye. Quatrain.",Illustration,,"Icy est d’escripte une Haye",,,,"Ici est décrite une haie","Ici est décrite une haie","piece se termine par virgule. Suivi d’une illustration. Illustration suit.",,,1,,,,,,,,,,,,,,,,,,,,,,,,,,,,,,,,,"Numérisation totale",,,"Du Gort, Robert",https://opacplus.bsb-muenchen.de/search?oclcno=645520575&db=100&View=default,,,,,,,,,,,,,,,,,,,,,,,,,,,,,,,,,,,,,,,,,,,,,,,,,,,,,,,,,,,,,,,,,,,,,,https://eman-archives.org/joyeuses-inventions/files/original/a49f0e258d7577b506f528e856a314eb.jpg,JI_Poemes,"Édition : 1551 - Boutehors d’oisiveté - Gort",0,0
7106,"[1551_Boutehors_Gort] 003 Nestoient deux pointz (seigneur tres honoré",,,,"München (De), BSB, P.o.gall. 296","équipe Joyeuses inventions ; EMAN (Thalim, CNRS-ENS-Sorbonne nouvelle)",1551,Rouen,,in-16,Français,Poème,,"Speyer, Miriam","Fiche : équipe Joyeuses inventions ; EMAN (Thalim, CNRS-ENS-Sorbonne nouvelle). Licence Creative Commons Attribution – Partage à l’Identique 3.0 (CC BY-SA 3.0 FR)","[1551_Boutehors_Gort]_Page_003,[1551_Boutehors_Gort]_Page_004,[1551_Boutehors_Gort]_Page_005,[1551_Boutehors_Gort]_Page_006,[1551_Boutehors_Gort]_Page_007,[1551_Boutehors_Gort]_Page_008,[1551_Boutehors_Gort]_Page_009","A2r, A2v, A3r, A3v, A4r, A4v, A5r","n° 003",,"Rescript pour envoyer à treshonorable &amp; circunspecte personne Monsieur de [[.]]","Pas d'illustration",,"N’estoient deux pointz (seigneur tres honoré",,,,"N’étaient deux points seigneur très honoré","N’étaient deux points seigneur très honoré","ñ ??",,,1,,,,,,,,,,,,,,,,,,,,,,,,,,,,,,,,,"Numérisation totale",,,"Du Gort, Robert",https://opacplus.bsb-muenchen.de/search?oclcno=645520575&db=100&View=default,,,,,,,,,,,,,,,,,,,,,,,,,,,,,,,,,,,,,,,,,,,,,,,,,,,,,,,,,,,,,,,,,,,,,,"https://eman-archives.org/joyeuses-inventions/files/original/2bc420346cf85506b13a2d7d01357d06.jpg,https://eman-archives.org/joyeuses-inventions/files/original/8a4e8de887e107138dd8b796365e030b.jpg,https://eman-archives.org/joyeuses-inventions/files/original/b7b34bff9486193a670d294e61dcbfbc.jpg,https://eman-archives.org/joyeuses-inventions/files/original/7fb83ae61cfc948a99ce173da88d21d3.jpg,https://eman-archives.org/joyeuses-inventions/files/original/2d0a95c087182d66024101285a4694ad.jpg,https://eman-archives.org/joyeuses-inventions/files/original/666db75fff8ee004e3213d005b282c9c.jpg,https://eman-archives.org/joyeuses-inventions/files/original/0dc261cf13cb952ee88e506cd757aed1.jpg",JI_Poemes,"Édition : 1551 - Boutehors d’oisiveté - Gort",0,0
7105,"[1551_Boutehors_Gort] 002 Tant seullement pour passetemps",,,,"München (De), BSB, P.o.gall. 296","équipe Joyeuses inventions ; EMAN (Thalim, CNRS-ENS-Sorbonne nouvelle)",1551,Rouen,,in-16,Français,Poème,,"Speyer, Miriam","Fiche : équipe Joyeuses inventions ; EMAN (Thalim, CNRS-ENS-Sorbonne nouvelle). Licence Creative Commons Attribution – Partage à l’Identique 3.0 (CC BY-SA 3.0 FR)",[1551_Boutehors_Gort]_Page_002,A1v,"n° 002",,"Le petit Livre aux lecteurs. Quatrain.","Pas d'illustration",,"Tant seullement pour passetemps",,,,"Tant seulement pour passe-temps","Tant seulement pour passe-temps",,,,1,,,,,,,,,,,,,,,,,,,,,,,,,,,,,,,,,"Numérisation totale",,,"Du Gort, Robert",https://opacplus.bsb-muenchen.de/search?oclcno=645520575&db=100&View=default,,,,,,,,,,,,,,,,,,,,,,,,,,,,,,,,,,,,,,,,,,,,,,,,,,,,,,,,,,,,,,,,,,,,,,https://eman-archives.org/joyeuses-inventions/files/original/e01ad061ee884c06fe0c0ee84cf1ad60.jpg,JI_Poemes,"Édition : 1551 - Boutehors d’oisiveté - Gort",0,0
7104,"[1551_Boutehors_Gort] 001 Vous qui voulez recreation prendre",,,,"München (De), BSB, P.o.gall. 296","équipe Joyeuses inventions ; EMAN (Thalim, CNRS-ENS-Sorbonne nouvelle)",1551,Rouen,,in-16,Français,,,"Speyer, Miriam","Fiche : équipe Joyeuses inventions ; EMAN (Thalim, CNRS-ENS-Sorbonne nouvelle). Licence Creative Commons Attribution – Partage à l’Identique 3.0 (CC BY-SA 3.0 FR)",[1551_Boutehors_Gort]_Page_002,A1v,"n° 001",,"Dixain pour gens desirantz fuyr Oysiveté.","Pas d'illustration",,"Vous qui voulez recreation prendre",,Dizain.,,"Vous qui voulez récréation prendre","Vous qui voulez récréation prendre",,,,1,,,,,,,,,,,,,,,,,,,,,,,,,,,,,,,,,"Numérisation totale",,,"Du Gort, Robert",https://opacplus.bsb-muenchen.de/search?oclcno=645520575&db=100&View=default,,,,,,,,,,,,,,,,,,,,,,,,,,,,,09/01/2021.,,,,,,,,,,,,,,,,,,,,,,,,,,,,,,,,,,,,,,,,,https://eman-archives.org/joyeuses-inventions/files/original/3ae8f8b15eb4e1bd0c52064be38f60ae.jpg,JI_Poemes,"Édition : 1551 - Boutehors d’oisiveté - Gort",0,0
7103,"[1551_Boutehors_Gort] I C’est ascavoir de par celluy",,,,"München (De), BSB, P.o.gall. 296","équipe Joyeuses inventions ; EMAN (Thalim, CNRS-ENS-Sorbonne nouvelle)",1551,Rouen,,in-16,Français,Poème,,"Speyer, Miriam","Fiche : équipe Joyeuses inventions ; EMAN (Thalim, CNRS-ENS-Sorbonne nouvelle). Licence Creative Commons Attribution – Partage à l’Identique 3.0 (CC BY-SA 3.0 FR)",[1551_Boutehors_Gort]_Page_001,A1r,"n° I",,"no titre","Pas d'illustration",,"C’est ascavoir de par celluy",,,,"C’est à savoir de par celui","C’est à savoir de par celui","sur frontispice",,,1,,,,,,,,,,,,,,,,,,,,,,,,,,,,,,,,,"Numérisation totale",,,"Du Gort, Robert",https://opacplus.bsb-muenchen.de/search?oclcno=645520575&db=100&View=default,,,,,,,,,,,,,,,,,,,,,,,,,,,,,,,,,,,,,,,,,,,,,,,,,,,,,,,,,,,,,,,,,,,,,,https://eman-archives.org/joyeuses-inventions/files/original/1239e4fd7ab27601ae7183cf4b72f919.jpg,JI_Poemes,"Édition : 1551 - Boutehors d’oisiveté - Gort",0,0
